locked_uid,control_uid
22246,22249
22306,22309
21773,21778
21789,21795
23868,23870
23884,23873
20831,20847
24331,24332
30650,30663
30653,30666
22247,22257
16831,16834
39875,39876
39884,39886
36149,36153
32022,32028
18540,18545
18552,18550
4736,4752
32023,32024
29245,29249
29251,29255
29770,29776
28776,28779
28783,28788
28264,28266
28247,28249
28253,28256
29966,29970
28795,28797
29983,29991
29537,29545
29542,29546
30255,30257
30270,30274
30312,30316
30318,30319
30327,30331
30333,30336
30344,30348
30350,30351
30637,30638
30652,30657
6032,6033
6967,6968
4333,4347
4334,4350
23515,23514
23954,23955
23969,23970
23976,23978
6216,6225
23082,23083
25624,25625
25639,25638
25175,25177
25192,25191
24703,24705
23120,23134
23531,23535
27280,27281
16962,16963
33488,33489
33109,33124
36459,36458
36465,36466
30190,30188
7204,7211
33475,33487
33113,33129
33491,33506
33511,33522
36152,36156
20928,20929
6218,6215
6226,6224
34647,34650
35073,35088
35090,35092
39877,39887
0,3
29755,29761
39490,39489
4339,4344
6984,6986
7160,7163
7370,7373
7376,7380
40217,40220
16855,16860
16876,16881
26042,26045
13668,13674
13669,13675
14753,14761
31377,31387
22248,22252
35647,35649
32532,32531
35443,35445
23487,23509
36320,36325
15753,15773
34798,34800
34976,34979
13628,13639
14730,14744
11619,11627
35776,35777
34919,34920
36064,36065
36043,36045
14167,14180
35677,35678
40218,40224
40225,40228
33809,33811
35648,35654
35629,35633
34799,34811
37162,37168
13629,13636
32487,32489
24067,24065
34574,34581
25781,25783
8692,8706
451,453
7371,7375
10225,10218
25782,25778
30192,30205
36744,36746
23517,23516
11689,11702
23972,23971
15806,15807
23533,23532
23957,23956
23985,23994
25587,25586
25599,25598
24685,24693
23942,23941
25178,25186
25614,25615
25647,25652
25660,25667
25161,25162
23908,23910
23914,23906
23889,23891
23895,23887
20865,20864
18095,18094
28232,28233
17579,17580
24334,24346
23909,23911
23920,23918
23890,23892
24352,24349
23872,23874
16965,16964
18984,18983
30193,30196
18044,18042
15754,15757
18985,18986
18993,18987
23548,23556
17548,17550
16979,16980
29788,29800
28674,28677
28661,28664
27805,27802
29233,29230
28268,28274
29805,29817
30330,30343
29481,29484
29496,29493
27787,27784
30315,30313
27771,27768
28744,28741
29526,29534
29203,29206
28234,28242
29218,29221
30002,30015
28251,28259
27305,27302
27314,27313
29987,29984
25163,25168
26962,26971
24687,24695
24429,24436
25180,25185
26091,26086
25628,25633
24708,24720
26073,26068
3439,3445
3419,3418
16185,16182
38700,38714
36745,36742
36757,36758
27576,27577
27581,27587
39833,39843
40221,40226
8694,8701
8695,8703
8707,8704
9597,9601
34579,34572
9197,9193
11621,11628
8729,8734
3012,3025
34651,34659
35779,35783
10227,10232
12406,12409
12407,12403
12421,12424
6221,6219
33542,33553
15808,15818
16952,16959
12944,12942
6222,6220
12540,12537
18618,18617
18584,18590
18121,18124
14381,14389
18108,18111
38676,38681
16025,16023
9134,9142
9138,9147
11889,11905
10607,10618
10611,10624
40290,40295
40338,40343
16271,16274
38508,38503
38677,38683
22374,22378
40291,40292
40339,40340
37495,37498
38647,38646
15848,15851
23125,23131
23127,23133
24709,24704
18122,18128
16954,16960
24430,24426
25181,25176
24688,24697
24069,24068
35285,35278
34558,34555
35286,35282
10338,10339
14925,14929
25784,25791
23126,23122
24689,24686
13795,13799
26963,26960
26970,26972
9598,9609
12135,12141
9209,9217
39687,39690
39803,39808
38511,38506
15755,15762
15763,15766
30276,30280
30282,30272
30285,30271
30286,30269
30659,30655
30662,30654
30665,30651
23987,23989
13732,13731
23944,23950
13733,13730
17940,17939
17952,17957
17029,17028
21780,21779
17479,17496
21756,21755
22311,22310
12542,12538
12947,12946
12048,12059
17458,17473
17480,17478
17481,17492
17483,17493
39410,39411
12948,12958
12949,12960
12543,12551
12544,12554
17944,17953
17460,17469
22313,22318
27738,27741
28165,28168
27719,27715
27286,27283
28184,28187
29220,29217
29483,29480
29498,29495
28689,28686
29744,29742
29235,29232
34172,34174
29759,29757
23925,23929
17945,17937
23537,23541
23088,23097
23521,23525
18112,18109
16983,16981
24356,24351
16971,16969
17553,17551
28715,28718
18588,18585
23975,23979
27754,27760
18560,18558
28703,28701
13368,13370
26724,26723
26194,26195
26209,26210
17585,17588
26740,26739
18624,18619
20870,20869
5941,5940
12483,12482
12980,12979
7783,7781
12453,12452
7759,7763
39089,39094
40080,40078
6482,6483
23926,23930
26095,26087
30947,30952
26077,26069
22645,22643
13816,13815
17485,17488
17486,17476
17946,17938
17947,17935
17949,17955
12981,12982
12545,12546
12950,12951
17462,17465
17463,17454
12454,12455
12484,12485
28704,28708
28711,28709
28713,28699
29760,29764
29766,29765
29779,29772
29784,29771
29785,29769
20852,20849
20853,20858
7760,7761
7784,7782
18991,18982
19005,19011
29942,29941
13369,13367
13372,13374
17639,17645
12053,12052
33115,33122
33121,33108
22316,22323
21785,21777
21761,21754
33493,33500
34228,34234
34230,34235
12547,12535
13738,13743
12054,12057
35079,35078
35781,35780
13,14
37232,37233
37236,37238
5400,5404
19480,19486
7149,7144
6975,6978
27622,27616
29780,29774
17113,17116
6990,6988
7150,7148
7167,7165
23859,23865
6976,6974
27288,27287
27298,27293
24357,24361
23522,23520
23538,23536
23089,23087
27756,27755
25166,25174
32766,32765
26966,26965
25602,25604
17554,17559
31010,31007
30709,30710
30299,30301
23583,23587
29554,29556
18561,18553
16984,16986
18548,18546
14354,14355
18625,18628
18113,18117
9136,9143
6851,6849
10340,10344
7212,7210
9612,9618
9584,9591
23948,23940
26968,26959
40003,40005
39492,39498
39575,39573
23992,23990
16842,16832
39493,39494
9700,9702
34593,34594
35650,35646
14756,14759
31378,31376
33132,33151
37166,37173
35680,35684
36302,36304
33543,33557
36046,36053
24511,24510
36323,36326
34802,34801
33261,33260
33529,33541
33279,33297
36067,36066
33202,33215
36106,36110
21907,21905
21894,21892
24868,24875
40401,40408
26890,26899
15897,15899
9686,9687
40418,40420
9415,9410
6632,6638
8731,8727
9839,9836
9846,9844
8716,8713
11814,11824
9137,9146
11798,11804
10048,10055
6852,6858
6859,6861
6836,6842
6843,6845
7967,7973
9585,9589
10696,10702
7213,7216
10341,10337
10348,10346
13210,13220
7984,7987
8697,8700
9199,9196
40027,40038
29555,29553
40402,40416
31263,31271
34652,34648
10679,10686
27859,27854
6265,6267
6268,6277
6853,6854
6837,6838
8283,8292
7700,7711
7968,7976
7985,7978
19770,19772
18842,18851
17344,17348
32470,32473
37531,37536
30112,30110
28318,28315
8717,8722
9211,9215
33495,33503
13230,13227
13214,13211
9071,9078
9570,9575
24100,24111
24104,24113
24108,24116
9121,9120
9133,9127
24513,24515
35014,35015
9072,9082
15715,15722
15265,15271
8699,8705
8285,8288
33513,33510
9854,9861
9825,9833
9587,9594
8733,8740
13231,13244
33530,33527
33535,33526
9614,9623
8718,8723
9212,9216
33280,33285
9201,9205
9808,9818
9571,9579
9794,9802
12371,12365
12372,12377
14012,14017
10697,10700
10680,10676
10683,10684
10612,10623
12690,12697
12691,12698
11893,11890
11894,11896
13601,13604
15266,15277
15716,15728
14013,14026
14644,14654
16190,16186
12300,12299
11914,11913
11508,11506
11489,11488
11473,11472
11930,11929
11877,11876
10698,10694
13217,13216
13587,13586
16027,16024
16028,16035
34329,34332
32757,32755
29978,29968
29981,29967
29982,29965
6653,6655
16452,16453
32431,32435
32432,32436
7969,7970
7704,7705
40345,40344
40347,40346
40325,40324
2123,2127
2124,2129
2126,2121
2094,2100
2097,2091
24496,24508
3045,3043
28491,28489
24101,24099
24122,24121
24123,24118
40503,40505
40504,40511
29117,29126
28492,28502
26326,26336
25793,25801
24872,24869
3017,3020
19481,19488
5334,5336
25787,25789
25788,25779
6506,6512
7152,7155
7168,7157
35081,35075
35087,35089
21656,21655
21659,21654
2108,2110
3018,3021
23450,23448
23451,23460
21657,21653
39072,39074
35976,35978
35984,35983
37758,37761
37749,37748
35580,35583
31973,31975
29100,29097
21765,21771
22320,22307
20801,20804
6559,6567
39579,39578
7169,7172
7153,7145
6979,6970
21658,21669
2071,2077
5321,5316
40029,40028
35767,35768
35749,35748
9416,9419
2072,2073
40085,40086
39472,39482
23493,23492
22292,22301
34416,34420
35314,35328
35799,35803
5063,5069
5066,5061
35908,35904
38260,38263
35977,35988
33479,33485
33171,33173
33172,33182
35963,35959
33204,33205
2098,2095
35356,35357
33264,33272
3047,3046
38705,38715
25288,25291
24874,24873
24877,24878
25795,25799
25797,25802
26329,26328
24499,24501
26892,26891
21885,21884
26343,26342
26345,26346
33265,33274
14152,14156
14736,14741
16869,16870
6371,6373
6388,6389
31974,31983
33138,33142
21663,21675
26578,26582
24125,24139
3572,3578
3964,3967
21665,21662
30762,30764
30768,30765
31595,31596
19832,19833
4129,4125
38725,38726
38946,38944
24106,24115
24126,24136
24860,24857
25832,25835
3687,3691
28078,28076
28082,28081
29149,29150
15921,15928
8619,8621
19459,19458
11429,11432
11003,11009
16937,16936
15839,15838
13775,13780
18455,18461
39178,39190
8407,8426
2075,2080
8163,8162
8135,8134
8154,8153
8408,8409
14428,14427
37509,37514
34562,34571
37750,37744
4086,4085
3757,3760
40030,40032
34188,34194
40049,40057
26707,26709
25672,25674
25679,25680
26139,26142
29557,29562
40006,40010
23584,23578
39413,39409
40050,40051
34189,34190
15911,15920
39713,39720
39941,39948
31206,31207
6312,6325
39928,39927
19014,19021
39474,39479
19863,19866
9417,9412
39714,39718
39942,39946
7562,7570
15100,15106
9703,9698
39980,39967
40008,40000
35861,35867
30450,30452
37636,37641
35617,35623
29056,29059
35964,35967
38262,38252
35909,35905
19482,19484
29979,29973
2531,2532
33499,33492
3396,3395
3772,3776
3886,3894
32768,32761
21208,21213
5720,5723
30141,30140
5739,5740
30892,30891
31949,31948
20953,20957
7915,7916
10170,10173
24127,24124
9101,9107
9102,9112
24107,24103
9084,9091
19374,19379
12023,12025
30563,30568
17183,17182
14591,14590
12280,12279
13568,13577
11987,11985
9124,9126
9520,9524
9530,9528
13197,13195
12281,12295
10125,10134
19938,19935
9103,9106
17280,17292
15665,15667
15294,15301
15309,15308
16483,16484
18339,18341
17845,17844
24724,24728
17184,17196
15281,15280
17809,17811
11008,11005
14624,14629
22671,22668
7400,7404
5264,5272
4703,4701
39105,39100
6402,6401
4875,4888
35706,35715
39907,39919
7706,7703
40089,40087
10126,10127
8273,8271
14646,14648
10616,10608
6870,6873
34717,34720
23497,23501
23845,23850
33817,33810
34958,34962
14179,14184
14780,14784
11626,11622
14743,14740
14136,14132
14158,14155
14763,14760
22255,22260
23498,23507
21261,21253
34931,34926
6884,6886
21668,21652
6885,6881
40202,40213
33763,33757
34314,34309
4006,4009
19015,19019
22109,22107
15483,15486
9460,9465
9442,9445
11369,11372
9058,9060
12264,12269
14015,14020
15778,15790
11101,11094
11105,11091
10617,10609
10567,10571
16561,16563
15360,15357
11404,11406
11409,11401
11970,11972
11510,11504
9510,9499
9487,9473
11493,11485
9075,9079
12827,12829
12692,12694
19954,19957
16247,16248
26141,26151
30522,30523
34597,34598
34599,34602
24044,24042
24028,24026
9443,9452
18036,18034
18059,18062
19464,19463
3357,3360
37942,37947
18459,18456
40356,40364
39181,39179
19782,19785
33764,33770
34023,34020
21639,21645
32438,32443
19773,19778
17351,17354
25056,25055
36012,36014
37376,37378
37152,37154
37141,37143
37128,37130
36911,36913
36889,36887
36880,36877
35876,35879
36712,36714
36028,36023
39299,39298
39909,39906
39768,39772
7715,7716
22199,22198
25057,25054
12009,12008
14766,14765
14138,14131
14746,14737
20747,20742
30362,30364
31309,31311
31310,31318
14747,14748
14139,14135
13642,13644
30747,30755
12417,12419
14162,14147
32195,32190
30748,30749
30363,30371
30670,30677
30686,30698
12011,12005
2839,2842
24886,24891
34733,34738
19955,19950
27582,27584
28324,28321
13237,13242
30672,30680
7265,7281
39264,39267
4150,4140
40388,40390
40166,40181
40235,40243
40185,40193
40186,40200
3022,3024
39265,39260
4151,4146
38387,38392
3358,3370
2535,2538
4228,4227
4230,4234
3788,3797
3399,3398
3118,3117
22810,22804
29061,29062
34769,34767
30517,30520
40422,40427
3359,3356
32570,32576
33096,33102
3322,3321
34770,34771
39611,39614
6372,6376
27982,27978
6595,6607
6815,6826
6824,6828
8561,8557
32571,32578
3789,3799
3346,3353
6980,6977
26668,26665
3790,3801
26615,26622
27794,27791
32321,32326
5548,5550
16030,16029
3869,3864
12379,12375
39991,39989
12380,12381
36425,36427
21912,21906
21899,21893
24085,24096
40508,40510
25294,25289
24131,24120
30564,30561
23455,23447
31960,31971
14140,14143
1705,1708
2524,2523
2293,2295
2281,2284
16546,16548
4724,4719
40298,40296
12804,12809
12286,12287
39476,39480
9779,9785
10043,10034
9542,9543
4725,4726
8275,8277
11012,11014
13201,13200
10534,10535
11434,11439
7731,7732
7031,7032
11936,11935
11938,11933
11939,11931
34330,34331
40299,40297
40332,40330
20788,20786
5325,5317
32415,32416
34569,34553
37780,37784
37754,37745
30674,30675
35752,35757
35770,35774
30753,30752
6817,6827
26669,26679
26681,26682
38692,38689
35587,35593
35728,35737
4892,4893
19018,19012
11714,11711
3781,3780
20955,20956
4662,4665
16254,16253
16258,16257
31962,31961
6598,6601
7270,7272
6818,6816
5270,5268
31963,31957
38477,38475
26670,26675
26684,26683
40172,40180
40191,40198
34959,34964
32774,32773
40410,40406
40392,40387
24656,24659
23076,23080
28089,28088
22583,22590
29513,29510
29521,29509
12593,12590
14373,14371
14436,14430
9924,9935
13385,13387
13865,13868
5330,5319
26277,26279
19865,19864
25774,25776
37944,37946
19839,19840
26933,26939
3795,3796
3124,3131
38228,38225
2769,2776
36754,36748
35096,35097
25295,25285
40493,40492
18762,18764
24862,24865
24029,24031
16617,16609
36659,36655
9527,9525
33192,33194
26305,26306
34739,34731
34742,34730
33193,33186
35918,35919
40377,40376
19147,19150
40393,40391
3167,3171
39898,39896
40411,40409
33518,33519
39077,39080
36426,36423
30166,30168
30480,30483
34239,34232
35031,35029
38712,38717
39416,39412
25678,25677
16374,16373
40175,40174
40412,40400
12390,12395
29066,29058
40068,40062
40194,40187
39268,39262
40239,40233
4285,4283
37930,37931
19841,19836
34961,34970
22629,22632
31964,31970
34319,34323
2081,2083
11267,11262
35098,35094
5595,5593
3368,3367
20467,20466
3264,3258
35816,35817
7922,7913
11269,11270
11776,11780
10179,10182
35733,35726
3783,3786
4081,4068
3695,3699
30528,30526
3410,3405
35590,35594
35968,35974
4082,4076
38697,38694
35338,35333
32059,32055
31316,31315
3696,3693
40056,40048
39558,39556
33004,32993
35339,35337
3784,3782
24406,24404
24385,24383
28175,28177
27297,27299
23901,23903
28195,28196
23881,23883
27748,27749
24364,24366
24675,24674
25862,25868
27730,27732
28208,28207
28221,28223
24045,24043
3369,3371
28682,28679
28695,28693
24470,24467
23109,23108
30694,30693
26618,26619
26621,26617
26625,26623
30678,30679
25610,25612
28276,28272
29816,29804
30771,30770
29995,29985
32060,32061
28244,28240
23995,23984
28261,28257
29533,29525
29240,29239
29242,29234
29457,29458
29210,29211
22678,22677
22685,22674
29751,29752
29225,29223
30613,30614
30616,30610
27813,27812
30265,30264
30267,30258
29488,29486
29473,29474
13241,13236
37817,37809
21571,21563
460,458
84,83
15554,15550
31427,31428
33823,33824
8520,8524
8521,8525
9270,9274
10450,10441
9925,9934
9947,9957
12572,12578
12573,12583
17468,17456
17560,17557
26677,26674
16989,16988
17603,17592
24365,24355
20860,20854
23936,23932
16976,16974
18566,18564
28722,28716
22663,22655
23110,23100
23135,23130
25640,25637
24439,24434
28209,28206
22679,22667
16306,16303
24718,24712
24699,24692
28277,28270
27797,27789
27780,27773
13144,13145
14083,14082
13541,13537
13517,13518
14103,14102
14039,14040
13168,13165
7939,7938
15706,15707
14668,14666
14685,14683
16636,16635
16135,16134
18817,18815
18818,18806
14489,14487
7405,7403
23802,23801
23805,23798
14669,14667
26537,26534
11901,11898
11902,11891
12310,12308
15348,15345
14700,14697
28094,28093
13542,13539
13206,13203
8522,8517
20790,20792
15641,15635
14652,14650
15244,15242
18309,18307
9752,9751
15692,15690
17214,17212
17803,17801
24851,24849
11479,11475
29709,29705
11034,11030
10539,10537
10026,10022
14084,14070
14104,14092
11921,11918
11884,11881
11827,11823
15068,15061
24090,24092
24892,24889
34536,34535
36232,36226
15380,15371
9622,9613
10622,10615
6672,6676
15727,15721
13243,13238
14025,14024
12696,12700
13611,13609
15276,15270
14653,14647
33198,33190
22737,22743
18464,18465
34038,34043
28910,28912
10008,9999
7407,7410
28290,28287
30063,30062
8634,8627
13612,13613
30308,30306
22437,22439
27181,27180
35050,35051
35052,35049
14185,14178
9450,9440
35408,35409
35156,35157
11363,11357
27182,27185
39901,39903
39081,39082
39703,39702
39606,39608
34243,34241
35194,35192
21421,21415
38379,38369
36428,36429
39607,39605
35735,35729
38656,38658
39272,39266
7923,7924
40026,40017
39310,39309
35736,35739
30531,30534
40096,40094
11312,11300
39845,39844
14164,14154
14186,14187
12422,12411
3203,3194
31235,31236
34727,34725
30567,30565
29951,29948
36875,36874
31216,31203
32580,32566
4025,4024
30532,30527
23777,23772
23778,23771
24234,24227
34728,34718
32581,32567
40365,40355
23791,23788
24235,24230
18770,18765
8027,8016
7573,7569
5524,5515
7591,7588
7592,7587
7425,7421
39624,39615
7038,7034
22071,22063
6646,6644
6689,6686
8281,8278
4705,4707
9581,9569
8688,8685
6568,6566
6878,6876
6892,6890
9644,9642
6603,6602
7440,7437
39311,39307
6409,6411
6394,6392
35395,35385
7741,7736
17066,17062
8651,8649
15352,15342
34280,34274
19710,19696
35142,35141
18771,18754
9235,9232
12866,12861
15307,15293
15292,15289
14704,14693
10302,10292
16624,16612
16157,16147
9068,9065
29014,29011
15730,15714
37645,37638
15279,15264
31133,31130
34109,34096
8549,8551
39965,39951
21305,21299
8891,8893
29908,29907
32811,32802
32797,32786
15338,15328
31649,31646
9931,9927
33255,33253
32639,32630
31944,31942
32085,32082
33240,33239
33199,33197
31705,31702
31663,31662
32868,32866
31479,31477
33104,33090
35004,35001
32659,32658
10545,10540
13751,13749
4706,4711
33925,33914
33926,33913
9453,9444
33944,33941
31147,31141
31431,31426
12065,12062
6410,6413
33963,33948
32855,32853
32327,32325
32328,32316
10815,10812
30158,30157
32403,32399
9849,9841
9835,9823
8689,8683
32165,32162
8282,8272
9804,9793
32149,32144
30901,30900
32798,32793
33470,33467
32597,32594
32614,32610
33167,33162
32640,32637
32812,32809
31432,31429
35005,34990
34110,34105
28099,28095
32856,32854
34088,34086
33964,33961
31945,31943
33296,33295
33655,33654
33945,33942
33896,33893
33879,33872
33993,33990
33226,33224
33620,33619
33603,33602
29679,29664
33589,33586
8155,8156
27941,27940
7441,7434
31148,31145
31615,31599
8047,8048
8892,8882
13752,13747
6893,6889
8550,8545
32019,32011
3477,3479
23838,23833
5691,5682
3802,3791
5000,4993
32020,32007
6605,6609
6784,6788
38538,38540
6396,6382
6377,6365
6825,6830
6412,6415
3478,3482
6570,6574
37530,37527
5349,5341
34199,34198
20474,20462
3318,3313
38539,38533
3354,3348
11314,11309
35615,35612
20949,20947
22440,22436
27270,27269
8552,8556
8941,8940
8894,8898
8177,8176
40498,40490
3612,3610
3173,3164
21573,21572
17397,17394
5758,5753
29519,29514
33005,33003
33020,33018
19869,19867
25682,25683
24472,24468
3592,3595
3593,3586
3975,3976
27897,27898
3594,3585
5738,5722
29476,29472
29490,29487
28213,28205
29754,29750
29227,29224
29257,29256
28671,28668
28226,28219
29213,29209
28684,28681
24367,24354
30325,30321
29997,29994
30649,30645
28724,28719
27799,27796
28293,28292
27316,27312
26085,26080
25643,25634
23119,23116
26104,26098
35994,35992
27104,27102
